variable,count,mean,std,min,25%,50%,75%,max,original
dummy1,1000.0,-0.00043657782053208553,0.009919705722403502,-0.0328494983126308,-0.006923128527931825,-0.0001935072461982,0.006005803634667225,0.03553919104802,0.0052785462503592
dummy2,1000.0,-0.000553932161299197,0.010525887198362402,-0.0419890073990707,-0.007750139936545525,-0.0007070130132990501,0.00683354158249465,0.033107358521768,0.0053522284755693
x1,1000.0,0.0343643834976567,3.053486200569643,-8.797532296126466,-2.0103959978272368,-0.00792819018023295,2.0493322784058265,28.205380057057283,28.205380057057283
x2,1000.0,0.051426067021226145,7.889003652005079,-21.603368052956423,-5.332150019750385,-0.2558038700632692,5.263283761011734,75.05054899665,75.05054899665
x3,1000.0,-0.008696256710780887,1.9436706954957772,-5.756683854449811,-1.2577387704899063,-0.053540015251776596,1.188572202520485,17.75557117488553,17.75557117488553
